epoch,step,name,value
1,0,learning_rate,0.0001
1,4,avg_train_loss,0.7350246906280518
1,4,average_valid_loss,0.697250135242939
1,8,avg_train_loss,0.7125582695007324
1,8,average_valid_loss,0.6972402011354765
1,12,avg_train_loss,0.7163955271244049
1,12,average_valid_loss,0.6972307165463766
1,16,avg_train_loss,0.7137446999549866
1,16,average_valid_loss,0.6972266410787901
1,20,avg_train_loss,0.6836660206317902
1,20,average_valid_loss,0.6972261567910513
1,24,avg_train_loss,0.6998549997806549
1,24,average_valid_loss,0.6972215821345648
1,28,avg_train_loss,0.7276701629161835
1,28,average_valid_loss,0.6972143724560738
1,32,avg_train_loss,0.7169841229915619
1,32,average_valid_loss,0.69721320271492
1,36,avg_train_loss,0.7238967418670654
1,36,average_valid_loss,0.6972048456470171
1,40,avg_train_loss,0.7096757143735886
1,40,average_valid_loss,0.6971977800130844
1,44,avg_train_loss,0.7280896902084351
1,44,average_valid_loss,0.6971873342990875
1,48,avg_train_loss,0.7069332003593445
1,48,average_valid_loss,0.697186586757501
1,52,avg_train_loss,0.7306419909000397
1,52,average_valid_loss,0.6971805294354757
1,56,avg_train_loss,0.7218175977468491
1,56,average_valid_loss,0.6971823473771414
1,60,avg_train_loss,0.6944292932748795
1,60,average_valid_loss,0.6971746434768041
1,64,avg_train_loss,0.7143777012825012
1,64,average_valid_loss,0.697174126903216
1,68,avg_train_loss,0.7155580818653107
1,68,average_valid_loss,0.6971738040447235
1,72,avg_train_loss,0.7049462199211121
1,72,average_valid_loss,0.6971688469250997
1,76,avg_train_loss,0.7200004011392593
1,76,average_valid_loss,0.6971613864103953
1,80,avg_train_loss,0.7118884027004242
1,80,average_valid_loss,0.6971598640084267
1,84,avg_train_loss,0.7125810831785202
1,84,average_valid_loss,0.6971569831172625
1,88,avg_train_loss,0.7269697487354279
1,88,average_valid_loss,0.6971469794710478
1,92,avg_train_loss,0.7234204411506653
1,92,average_valid_loss,0.6971369385719299
1,96,avg_train_loss,0.711370587348938
1,96,average_valid_loss,0.6971193303664526
1,96,epoch_sec,1.8440802097320557
2,0,learning_rate,0.0001
2,4,avg_train_loss,0.7529709041118622
2,4,average_valid_loss,0.6970920587579409
2,8,avg_train_loss,0.7306536138057709
2,8,average_valid_loss,0.6970752899845442
2,12,avg_train_loss,0.7169635444879532
2,12,average_valid_loss,0.697067528963089
2,16,avg_train_loss,0.7252556681632996
2,16,average_valid_loss,0.697059765458107
2,20,avg_train_loss,0.7146166115999222
2,20,average_valid_loss,0.6970634857813517
2,24,avg_train_loss,0.7098779380321503
2,24,average_valid_loss,0.6970591768622398
2,28,avg_train_loss,0.7167332619428635
2,28,average_valid_loss,0.6970531543095907
2,32,avg_train_loss,0.7113657295703888
2,32,average_valid_loss,0.6970537453889847
2,36,avg_train_loss,0.7181421667337418
2,36,average_valid_loss,0.6970482617616653
2,40,avg_train_loss,0.7143661379814148
2,40,average_valid_loss,0.6970366214712461
2,44,avg_train_loss,0.7190889418125153
2,44,average_valid_loss,0.6970311949650446
2,48,avg_train_loss,0.7194337844848633
2,48,average_valid_loss,0.6970263719558716
2,52,avg_train_loss,0.6964382082223892
2,52,average_valid_loss,0.6970261558890343
2,56,avg_train_loss,0.7013868391513824
2,56,average_valid_loss,0.6970204835136732
2,60,avg_train_loss,0.690511479973793
2,60,average_valid_loss,0.6970177764693896
2,64,avg_train_loss,0.7260944992303848
2,64,average_valid_loss,0.6970104401310285
2,68,avg_train_loss,0.6988981366157532
2,68,average_valid_loss,0.6970114707946777
2,72,avg_train_loss,0.708168625831604
2,72,average_valid_loss,0.6970115303993225
2,76,avg_train_loss,0.7234137505292892
2,76,average_valid_loss,0.6970084756612778
2,80,avg_train_loss,0.6949058920145035
2,80,average_valid_loss,0.6970020830631256
2,84,avg_train_loss,0.7329338490962982
2,84,average_valid_loss,0.6969990084568659
2,88,avg_train_loss,0.7217761278152466
2,88,average_valid_loss,0.6969938005010287
2,92,avg_train_loss,0.7310555279254913
2,92,average_valid_loss,0.6969795823097229
2,96,avg_train_loss,0.69542396068573
2,96,average_valid_loss,0.6969661538799604
2,96,epoch_sec,1.80979585647583
3,0,learning_rate,0.0042665625
3,4,avg_train_loss,0.7491651028394699
3,4,average_valid_loss,0.696035402516524
3,8,avg_train_loss,0.7346408665180206
3,8,average_valid_loss,0.6954920589923859
3,12,avg_train_loss,0.7072426080703735
3,12,average_valid_loss,0.6951356853048006
3,16,avg_train_loss,0.7230705767869949
3,16,average_valid_loss,0.6949603582421938
3,20,avg_train_loss,0.6949697136878967
3,20,average_valid_loss,0.6950128252307574
3,24,avg_train_loss,0.6867745667695999
3,24,average_valid_loss,0.6947483792901039
3,28,avg_train_loss,0.7261025309562683
3,28,average_valid_loss,0.6946245580911636
3,32,avg_train_loss,0.7052345126867294
3,32,average_valid_loss,0.6945247848828634
3,36,avg_train_loss,0.7066437751054764
3,36,average_valid_loss,0.6944148764014244
3,40,avg_train_loss,0.7148972898721695
3,40,average_valid_loss,0.6940386419494947
3,44,avg_train_loss,0.7027115523815155
3,44,average_valid_loss,0.6938142205278078
3,48,avg_train_loss,0.7195072919130325
3,48,average_valid_loss,0.6937143405278524
3,52,avg_train_loss,0.6953336745500565
3,52,average_valid_loss,0.6936850075920423
3,56,avg_train_loss,0.7123116999864578
3,56,average_valid_loss,0.6935710360606512
3,60,avg_train_loss,0.7091474533081055
3,60,average_valid_loss,0.6935664142171541
3,64,avg_train_loss,0.7174323797225952
3,64,average_valid_loss,0.6934865961472193
3,68,avg_train_loss,0.7151316404342651
3,68,average_valid_loss,0.6935782531897227
3,72,avg_train_loss,0.7027874737977982
3,72,average_valid_loss,0.6933923562367758
3,76,avg_train_loss,0.6858744621276855
3,76,average_valid_loss,0.6932941923538843
3,80,avg_train_loss,0.7155503928661346
3,80,average_valid_loss,0.6932799890637398
3,84,avg_train_loss,0.7165809273719788
3,84,average_valid_loss,0.6932180772225062
3,88,avg_train_loss,0.7048589736223221
3,88,average_valid_loss,0.6929666524132093
3,92,avg_train_loss,0.6994136720895767
3,92,average_valid_loss,0.6926077678799629
3,96,avg_train_loss,0.6764430105686188
3,96,average_valid_loss,0.6920391594370207
3,96,epoch_sec,1.8557319641113281
4,0,learning_rate,0.008433125
4,4,avg_train_loss,0.7172898203134537
4,4,average_valid_loss,0.6906839633981386
4,8,avg_train_loss,0.6906175762414932
4,8,average_valid_loss,0.6900324324766794
4,12,avg_train_loss,0.7072586715221405
4,12,average_valid_loss,0.6896529942750931
4,16,avg_train_loss,0.701925128698349
4,16,average_valid_loss,0.6894333362579346
4,20,avg_train_loss,0.7110689431428909
4,20,average_valid_loss,0.689591626326243
4,24,avg_train_loss,0.6988823860883713
4,24,average_valid_loss,0.6892760545015335
4,28,avg_train_loss,0.7097097933292389
4,28,average_valid_loss,0.6892469425996145
4,32,avg_train_loss,0.6844029724597931
4,32,average_valid_loss,0.6893602907657623
4,36,avg_train_loss,0.6943901777267456
4,36,average_valid_loss,0.6890583088000616
4,40,avg_train_loss,0.6991770714521408
4,40,average_valid_loss,0.6886903668443362
4,44,avg_train_loss,0.6901696771383286
4,44,average_valid_loss,0.6883558183908463
4,48,avg_train_loss,0.6987003684043884
4,48,average_valid_loss,0.688336655497551
4,52,avg_train_loss,0.7187051922082901
4,52,average_valid_loss,0.6883944024642309
4,56,avg_train_loss,0.7070569545030594
4,56,average_valid_loss,0.6883047471443812
4,60,avg_train_loss,0.707396000623703
4,60,average_valid_loss,0.6883055120706558
4,64,avg_train_loss,0.706152006983757
4,64,average_valid_loss,0.6883409544825554
4,68,avg_train_loss,0.6994337439537048
4,68,average_valid_loss,0.6885295609633127
4,72,avg_train_loss,0.6855018734931946
4,72,average_valid_loss,0.6882430190841357
4,76,avg_train_loss,0.7106989175081253
4,76,average_valid_loss,0.6880901133020719
4,80,avg_train_loss,0.695758044719696
4,80,average_valid_loss,0.688071404894193
4,84,avg_train_loss,0.7025914788246155
4,84,average_valid_loss,0.6879106387495995
4,88,avg_train_loss,0.707706868648529
4,88,average_valid_loss,0.6877175296346346
4,92,avg_train_loss,0.6859269291162491
4,92,average_valid_loss,0.6872192000349363
4,96,avg_train_loss,0.6823441982269287
4,96,average_valid_loss,0.6866846134265264
4,96,epoch_sec,2.02502179145813
5,0,learning_rate,0.0125996875
5,4,avg_train_loss,0.6682718396186829
5,4,average_valid_loss,0.6855041558543841
5,8,avg_train_loss,0.6851152330636978
5,8,average_valid_loss,0.6849420939882597
5,12,avg_train_loss,0.7025140225887299
5,12,average_valid_loss,0.6847588370243708
5,16,avg_train_loss,0.69711734354496
5,16,average_valid_loss,0.6847147246201833
5,20,avg_train_loss,0.7017210125923157
5,20,average_valid_loss,0.6848640392223994
5,24,avg_train_loss,0.69126857817173
5,24,average_valid_loss,0.6846082334717115
5,28,avg_train_loss,0.7150724679231644
5,28,average_valid_loss,0.6848469351728758
5,32,avg_train_loss,0.7007233649492264
5,32,average_valid_loss,0.6849596078197161
5,36,avg_train_loss,0.6859878599643707
5,36,average_valid_loss,0.6849264626701673
5,40,avg_train_loss,0.690689206123352
5,40,average_valid_loss,0.6846249500910441
5,44,avg_train_loss,0.6933489143848419
5,44,average_valid_loss,0.6845087806383768
5,48,avg_train_loss,0.6963842213153839
5,48,average_valid_loss,0.6846426775058111
5,52,avg_train_loss,0.696660116314888
5,52,average_valid_loss,0.68476203083992
5,56,avg_train_loss,0.6935943514108658
5,56,average_valid_loss,0.6846664547920227
5,60,avg_train_loss,0.6835713684558868
5,60,average_valid_loss,0.684676597515742
5,64,avg_train_loss,0.6900889873504639
5,64,average_valid_loss,0.6847807566324869
5,68,avg_train_loss,0.7045862972736359
5,68,average_valid_loss,0.6850179557998975
5,72,avg_train_loss,0.6741271913051605
5,72,average_valid_loss,0.6847323601444563
5,76,avg_train_loss,0.7034303545951843
5,76,average_valid_loss,0.6847977861762047
5,80,avg_train_loss,0.7054922878742218
5,80,average_valid_loss,0.6848998988668124
5,84,avg_train_loss,0.6941037774085999
5,84,average_valid_loss,0.6848954757054647
5,88,avg_train_loss,0.684350997209549
5,88,average_valid_loss,0.6845942487319311
5,92,avg_train_loss,0.6876387447118759
5,92,average_valid_loss,0.6841947063803673
5,96,avg_train_loss,0.6626158952713013
5,96,average_valid_loss,0.6835548852880796
5,96,epoch_sec,2.0564393997192383
6,0,learning_rate,0.01676625
6,4,avg_train_loss,0.6585115790367126
6,4,average_valid_loss,0.6826424101988474
6,8,avg_train_loss,0.668485626578331
6,8,average_valid_loss,0.6823298558592796
6,12,avg_train_loss,0.6673591583967209
6,12,average_valid_loss,0.6822223489483198
6,16,avg_train_loss,0.6898802220821381
6,16,average_valid_loss,0.6822161376476288
6,20,avg_train_loss,0.7144945561885834
6,20,average_valid_loss,0.6824569627642632
6,24,avg_train_loss,0.6838408857584
6,24,average_valid_loss,0.6823866417010626
6,28,avg_train_loss,0.6967170983552933
6,28,average_valid_loss,0.6824885457754135
6,32,avg_train_loss,0.7012737840414047
6,32,average_valid_loss,0.6826644688844681
6,36,avg_train_loss,0.6882190108299255
6,36,average_valid_loss,0.68263278901577
6,40,avg_train_loss,0.692390576004982
6,40,average_valid_loss,0.6824711014827093
6,44,avg_train_loss,0.6982005387544632
6,44,average_valid_loss,0.6824707289536794
6,48,avg_train_loss,0.7046658843755722
6,48,average_valid_loss,0.68262679874897
6,52,avg_train_loss,0.7126154601573944
6,52,average_valid_loss,0.6828943639993668
6,56,avg_train_loss,0.693765863776207
6,56,average_valid_loss,0.6829209476709366
6,60,avg_train_loss,0.7076331973075867
6,60,average_valid_loss,0.6829897165298462
6,64,avg_train_loss,0.7100107371807098
6,64,average_valid_loss,0.6831506515542666
6,68,avg_train_loss,0.7053446471691132
6,68,average_valid_loss,0.6833676770329475
6,72,avg_train_loss,0.6791219264268875
6,72,average_valid_loss,0.6832448715964953
6,76,avg_train_loss,0.6941305696964264
6,76,average_valid_loss,0.6833454892039299
6,80,avg_train_loss,0.6949648559093475
6,80,average_valid_loss,0.6834387630224228
6,84,avg_train_loss,0.6918967366218567
6,84,average_valid_loss,0.6834789365530014
6,88,avg_train_loss,0.6871634870767593
6,88,average_valid_loss,0.6833026284972826
6,92,avg_train_loss,0.6783445328474045
6,92,average_valid_loss,0.6829695527752241
6,96,avg_train_loss,0.6542580276727676
6,96,average_valid_loss,0.6824562400579453
6,96,epoch_sec,2.1607933044433594
7,0,learning_rate,0.0209328125
7,4,avg_train_loss,0.6429980099201202
7,4,average_valid_loss,0.6818200896183649
7,8,avg_train_loss,0.6662715077400208
7,8,average_valid_loss,0.6816473553578059
7,12,avg_train_loss,0.677304819226265
7,12,average_valid_loss,0.6815988471110662
7,16,avg_train_loss,0.6806271821260452
7,16,average_valid_loss,0.6816070626179377
7,20,avg_train_loss,0.712620884180069
7,20,average_valid_loss,0.6817785277962685
7,24,avg_train_loss,0.6828870922327042
7,24,average_valid_loss,0.6817512015501658
7,28,avg_train_loss,0.6924818605184555
7,28,average_valid_loss,0.6818392500281334
7,32,avg_train_loss,0.7193049490451813
7,32,average_valid_loss,0.6820567672451338
7,36,avg_train_loss,0.7015907019376755
7,36,average_valid_loss,0.6821145365635554
7,40,avg_train_loss,0.6758741140365601
7,40,average_valid_loss,0.6819361969828606
7,44,avg_train_loss,0.6879143416881561
7,44,average_valid_loss,0.6819225127498308
7,48,avg_train_loss,0.7027135640382767
7,48,average_valid_loss,0.6820743133624395
7,52,avg_train_loss,0.7106777876615524
7,52,average_valid_loss,0.6822777688503265
7,56,avg_train_loss,0.6896878480911255
7,56,average_valid_loss,0.682293655971686
7,60,avg_train_loss,0.7042093724012375
7,60,average_valid_loss,0.6823882659276327
7,64,avg_train_loss,0.6998908519744873
7,64,average_valid_loss,0.6825427636504173
7,68,avg_train_loss,0.6976541876792908
7,68,average_valid_loss,0.6827631443738937
7,72,avg_train_loss,0.6855004876852036
7,72,average_valid_loss,0.6826562136411667
7,76,avg_train_loss,0.6849926859140396
7,76,average_valid_loss,0.682687280078729
7,80,avg_train_loss,0.7012220174074173
7,80,average_valid_loss,0.6828256820638975
7,84,avg_train_loss,0.6932172775268555
7,84,average_valid_loss,0.6829073801636696
7,88,avg_train_loss,0.6808270364999771
7,88,average_valid_loss,0.6827106649676958
7,92,avg_train_loss,0.6681705862283707
7,92,average_valid_loss,0.6823488424221674
7,96,avg_train_loss,0.6484726816415787
7,96,average_valid_loss,0.6818893601497015
7,96,epoch_sec,2.0217297077178955
8,0,learning_rate,0.025099375
8,4,avg_train_loss,0.6459163576364517
8,4,average_valid_loss,0.6814643715818723
8,8,avg_train_loss,0.6597860157489777
8,8,average_valid_loss,0.6814191589752833
8,12,avg_train_loss,0.675118088722229
8,12,average_valid_loss,0.6814083332816759
8,16,avg_train_loss,0.6852325350046158
8,16,average_valid_loss,0.6814071014523506
8,20,avg_train_loss,0.7097679078578949
8,20,average_valid_loss,0.6814832091331482
8,24,avg_train_loss,0.6737687885761261
8,24,average_valid_loss,0.6814449007312456
8,28,avg_train_loss,0.7065185904502869
8,28,average_valid_loss,0.6815411622325579
8,32,avg_train_loss,0.7041641026735306
8,32,average_valid_loss,0.6816344782710075
8,36,avg_train_loss,0.6838552057743073
8,36,average_valid_loss,0.6815924793481827
8,40,avg_train_loss,0.6756711602210999
8,40,average_valid_loss,0.6814737866322199
8,44,avg_train_loss,0.6797874271869659
8,44,average_valid_loss,0.6814059913158417
8,48,avg_train_loss,0.6991799473762512
8,48,average_valid_loss,0.6814939031998316
8,52,avg_train_loss,0.7093459516763687
8,52,average_valid_loss,0.6816320692499479
8,56,avg_train_loss,0.6953594386577606
8,56,average_valid_loss,0.6816890041033427
8,60,avg_train_loss,0.6913609653711319
8,60,average_valid_loss,0.6817832638820013
8,64,avg_train_loss,0.7097117900848389
8,64,average_valid_loss,0.6820478066802025
8,68,avg_train_loss,0.7057068049907684
8,68,average_valid_loss,0.6824016446868578
8,72,avg_train_loss,0.6803926825523376
8,72,average_valid_loss,0.6822342425584793
8,76,avg_train_loss,0.6891980320215225
8,76,average_valid_loss,0.6821982190012932
8,80,avg_train_loss,0.6956230103969574
8,80,average_valid_loss,0.6823607956369718
8,84,avg_train_loss,0.6908640414476395
8,84,average_valid_loss,0.6824443737665812
8,88,avg_train_loss,0.6906392723321915
8,88,average_valid_loss,0.6823057134946188
8,92,avg_train_loss,0.6575614809989929
8,92,average_valid_loss,0.6818912054101626
8,96,avg_train_loss,0.6439251601696014
8,96,average_valid_loss,0.681352324783802
8,96,epoch_sec,2.137728452682495
9,0,learning_rate,0.029265937500000002
9,4,avg_train_loss,0.6421103775501251
9,4,average_valid_loss,0.6810630957285563
9,8,avg_train_loss,0.6517874747514725
9,8,average_valid_loss,0.6810560971498489
9,12,avg_train_loss,0.679349347949028
9,12,average_valid_loss,0.6810490836699804
9,16,avg_train_loss,0.6896344870328903
9,16,average_valid_loss,0.6810342570145925
9,20,avg_train_loss,0.7100680768489838
9,20,average_valid_loss,0.6810094714164734
9,24,avg_train_loss,0.6732698082923889
9,24,average_valid_loss,0.6809726531306902
9,28,avg_train_loss,0.6991284340620041
9,28,average_valid_loss,0.6810120766361555
9,32,avg_train_loss,0.7031642198562622
9,32,average_valid_loss,0.6810998469591141
9,36,avg_train_loss,0.6812069714069366
9,36,average_valid_loss,0.6811085219184557
9,40,avg_train_loss,0.6759438514709473
9,40,average_valid_loss,0.6810816576083502
9,44,avg_train_loss,0.6827457547187805
9,44,average_valid_loss,0.6810627530018488
9,48,avg_train_loss,0.7023998498916626
9,48,average_valid_loss,0.6811822131276131
9,52,avg_train_loss,0.7040257900953293
9,52,average_valid_loss,0.6812912027041117
9,56,avg_train_loss,0.6946310549974442
9,56,average_valid_loss,0.6813682069381078
9,60,avg_train_loss,0.6902865171432495
9,60,average_valid_loss,0.6814595858256022
9,64,avg_train_loss,0.7015608698129654
9,64,average_valid_loss,0.6816615511973699
9,68,avg_train_loss,0.7006595581769943
9,68,average_valid_loss,0.6819054832061132
9,72,avg_train_loss,0.6811537742614746
9,72,average_valid_loss,0.6817597473661104
9,76,avg_train_loss,0.6856726855039597
9,76,average_valid_loss,0.6818012495835623
9,80,avg_train_loss,0.6931062936782837
9,80,average_valid_loss,0.681925468146801
9,84,avg_train_loss,0.6891466975212097
9,84,average_valid_loss,0.681967223683993
9,88,avg_train_loss,0.6770630925893784
9,88,average_valid_loss,0.6818186516563097
9,92,avg_train_loss,0.6676752269268036
9,92,average_valid_loss,0.6814810484647751
9,96,avg_train_loss,0.6404986679553986
9,96,average_valid_loss,0.6810941149791082
9,96,epoch_sec,2.0551605224609375
10,0,learning_rate,0.033432500000000004
10,4,avg_train_loss,0.6244232952594757
10,4,average_valid_loss,0.6811309183637301
10,8,avg_train_loss,0.6571839302778244
10,8,average_valid_loss,0.6812943915526072
10,12,avg_train_loss,0.6770976781845093
10,12,average_valid_loss,0.6813091908891996
10,16,avg_train_loss,0.6851552873849869
10,16,average_valid_loss,0.6812286724646887
10,20,avg_train_loss,0.7110610008239746
10,20,average_valid_loss,0.6810475438833237
10,24,avg_train_loss,0.673982173204422
10,24,average_valid_loss,0.6810076534748077
10,28,avg_train_loss,0.6938887536525726
10,28,average_valid_loss,0.6809283196926117
10,32,avg_train_loss,0.7066355347633362
10,32,average_valid_loss,0.680921770632267
10,36,avg_train_loss,0.6867636740207672
10,36,average_valid_loss,0.6809091567993164
10,40,avg_train_loss,0.6723891943693161
10,40,average_valid_loss,0.6808371245861053
10,44,avg_train_loss,0.6863719969987869
10,44,average_valid_loss,0.6808324952920278
10,48,avg_train_loss,0.7038975954055786
10,48,average_valid_loss,0.680910182495912
10,52,avg_train_loss,0.7030536383390427
10,52,average_valid_loss,0.6810672705372175
10,56,avg_train_loss,0.6915783584117889
10,56,average_valid_loss,0.6811561857660612
10,60,avg_train_loss,0.703352615237236
10,60,average_valid_loss,0.6813004016876221
10,64,avg_train_loss,0.6962833404541016
10,64,average_valid_loss,0.6814835096398989
10,68,avg_train_loss,0.7119583189487457
10,68,average_valid_loss,0.6818279599150022
10,72,avg_train_loss,0.6822280436754227
10,72,average_valid_loss,0.6817762901385626
10,76,avg_train_loss,0.6821216940879822
10,76,average_valid_loss,0.6818451583385468
10,80,avg_train_loss,0.6917464584112167
10,80,average_valid_loss,0.681886300444603
10,84,avg_train_loss,0.6959121823310852
10,84,average_valid_loss,0.6819743166367213
10,88,avg_train_loss,0.6736427545547485
10,88,average_valid_loss,0.6816852688789368
10,92,avg_train_loss,0.6634315848350525
10,92,average_valid_loss,0.6812968303759893
10,96,avg_train_loss,0.6403298527002335
10,96,average_valid_loss,0.6809099515279134
10,96,epoch_sec,2.0522778034210205
11,0,learning_rate,0.0375990625
11,4,avg_train_loss,0.621882289648056
11,4,average_valid_loss,0.6810703178246816
11,8,avg_train_loss,0.6449500918388367
11,8,average_valid_loss,0.681550440688928
11,12,avg_train_loss,0.6829684525728226
11,12,average_valid_loss,0.6813611934582392
11,16,avg_train_loss,0.6899702548980713
11,16,average_valid_loss,0.6813918674985567
11,20,avg_train_loss,0.7034935355186462
11,20,average_valid_loss,0.6809685602784157
11,24,avg_train_loss,0.6875694692134857
11,24,average_valid_loss,0.6808259189128876
11,28,avg_train_loss,0.6993780881166458
11,28,average_valid_loss,0.6806896552443504
11,32,avg_train_loss,0.7031273692846298
11,32,average_valid_loss,0.6806987499197324
11,36,avg_train_loss,0.6849954426288605
11,36,average_valid_loss,0.6806568478544553
11,40,avg_train_loss,0.6719728261232376
11,40,average_valid_loss,0.6806678672631582
11,44,avg_train_loss,0.6817532032728195
11,44,average_valid_loss,0.6806952779491743
11,48,avg_train_loss,0.7105352878570557
11,48,average_valid_loss,0.6807052244742712
11,52,avg_train_loss,0.7068618386983871
11,52,average_valid_loss,0.6807917580008507
11,56,avg_train_loss,0.6880254000425339
11,56,average_valid_loss,0.6807693913578987
11,60,avg_train_loss,0.6958702504634857
11,60,average_valid_loss,0.6808813363313675
11,64,avg_train_loss,0.6967898309230804
11,64,average_valid_loss,0.6810025672117869
11,68,avg_train_loss,0.7091845124959946
11,68,average_valid_loss,0.6813667714595795
11,72,avg_train_loss,0.6849900186061859
11,72,average_valid_loss,0.6812077487508456
11,76,avg_train_loss,0.6926626414060593
11,76,average_valid_loss,0.6812741383910179
11,80,avg_train_loss,0.6967842131853104
11,80,average_valid_loss,0.6814096321662267
11,84,avg_train_loss,0.6986440122127533
11,84,average_valid_loss,0.6815178742011389
11,88,avg_train_loss,0.6772457659244537
11,88,average_valid_loss,0.6812466432650884
11,92,avg_train_loss,0.6614278703927994
11,92,average_valid_loss,0.6808731978138288
11,96,avg_train_loss,0.6396014988422394
11,96,average_valid_loss,0.6804645632704099
11,96,epoch_sec,2.079184055328369
12,0,learning_rate,0.041765625
12,4,avg_train_loss,0.6183271557092667
12,4,average_valid_loss,0.6806260471542677
12,8,avg_train_loss,0.648903951048851
12,8,average_valid_loss,0.681150938073794
12,12,avg_train_loss,0.6753185540437698
12,12,average_valid_loss,0.6812076990803083
12,16,avg_train_loss,0.6878769993782043
12,16,average_valid_loss,0.6810496598482132
12,20,avg_train_loss,0.7041203081607819
12,20,average_valid_loss,0.6807048072417577
12,24,avg_train_loss,0.676620826125145
12,24,average_valid_loss,0.6805648555358251
12,28,avg_train_loss,0.7067456245422363
12,28,average_valid_loss,0.6804769982894262
12,32,avg_train_loss,0.7021204233169556
12,32,average_valid_loss,0.6803322657942772
12,36,avg_train_loss,0.6855117231607437
12,36,average_valid_loss,0.6801849529147148
12,40,avg_train_loss,0.6677883118391037
12,40,average_valid_loss,0.6801328733563423
12,44,avg_train_loss,0.679180845618248
12,44,average_valid_loss,0.6801040346423785
12,48,avg_train_loss,0.7021784484386444
12,48,average_valid_loss,0.6801798815528551
12,52,avg_train_loss,0.7080739438533783
12,52,average_valid_loss,0.6803315232197443
12,56,avg_train_loss,0.6900779753923416
12,56,average_valid_loss,0.6804150020082792
12,60,avg_train_loss,0.6972676217556
12,60,average_valid_loss,0.6805860425035158
12,64,avg_train_loss,0.6968603134155273
12,64,average_valid_loss,0.680818147957325
12,68,avg_train_loss,0.7005607932806015
12,68,average_valid_loss,0.6812597860892614
12,72,avg_train_loss,0.6861565411090851
12,72,average_valid_loss,0.6809820954998335
12,76,avg_train_loss,0.6874611675739288
12,76,average_valid_loss,0.6810718874136606
12,80,avg_train_loss,0.6912141740322113
12,80,average_valid_loss,0.6813911596934
12,84,avg_train_loss,0.6967046707868576
12,84,average_valid_loss,0.6814666589101156
12,88,avg_train_loss,0.672726958990097
12,88,average_valid_loss,0.6811326568325361
12,92,avg_train_loss,0.6558551788330078
12,92,average_valid_loss,0.6803906559944153
12,96,avg_train_loss,0.6407536864280701
12,96,average_valid_loss,0.6799421608448029
12,96,epoch_sec,2.063098907470703
13,0,learning_rate,0.045932187500000006
13,4,avg_train_loss,0.6113000065088272
13,4,average_valid_loss,0.680195244650046
13,8,avg_train_loss,0.6481991559267044
13,8,average_valid_loss,0.680462454756101
13,12,avg_train_loss,0.6777740269899368
13,12,average_valid_loss,0.6802786663174629
13,16,avg_train_loss,0.6847842633724213
13,16,average_valid_loss,0.6800925607482592
13,20,avg_train_loss,0.7082473784685135
13,20,average_valid_loss,0.6797838831941286
13,24,avg_train_loss,0.6752253025770187
13,24,average_valid_loss,0.6797526503602663
13,28,avg_train_loss,0.7040585726499557
13,28,average_valid_loss,0.6797924290100733
13,32,avg_train_loss,0.7015920132398605
13,32,average_valid_loss,0.6797779425978661
13,36,avg_train_loss,0.6883543729782104
13,36,average_valid_loss,0.6797537282109261
13,40,avg_train_loss,0.6717820912599564
13,40,average_valid_loss,0.6797706683476766
13,44,avg_train_loss,0.683305561542511
13,44,average_valid_loss,0.6798252537846565
13,48,avg_train_loss,0.6996517032384872
13,48,average_valid_loss,0.6798353344202042
13,52,avg_train_loss,0.7017406672239304
13,52,average_valid_loss,0.6799676815668741
13,56,avg_train_loss,0.6867704689502716
13,56,average_valid_loss,0.6799284617106119
13,60,avg_train_loss,0.6967693120241165
13,60,average_valid_loss,0.6800203447540601
13,64,avg_train_loss,0.6900774091482162
13,64,average_valid_loss,0.6800584768255552
13,68,avg_train_loss,0.7008739709854126
13,68,average_valid_loss,0.6805117726325989
13,72,avg_train_loss,0.6902283132076263
13,72,average_valid_loss,0.6803742001454035
13,76,avg_train_loss,0.6865306347608566
13,76,average_valid_loss,0.6804305935899416
13,80,avg_train_loss,0.69208063185215
13,80,average_valid_loss,0.6806114390492439
13,84,avg_train_loss,0.6987828016281128
13,84,average_valid_loss,0.6808309654394785
13,88,avg_train_loss,0.6784664839506149
13,88,average_valid_loss,0.6805697704354922
13,92,avg_train_loss,0.6627985388040543
13,92,average_valid_loss,0.6801008904973666
13,96,avg_train_loss,0.626003161072731
13,96,average_valid_loss,0.6798254648844401
13,96,epoch_sec,2.2072861194610596
14,0,learning_rate,0.050098750000000004
14,4,avg_train_loss,0.6108962446451187
14,4,average_valid_loss,0.68046202758948
14,8,avg_train_loss,0.6409477442502975
14,8,average_valid_loss,0.6809318934877714
14,12,avg_train_loss,0.6732733249664307
14,12,average_valid_loss,0.6809017012516657
14,16,avg_train_loss,0.6864543408155441
14,16,average_valid_loss,0.680606963733832
14,20,avg_train_loss,0.7083001434803009
14,20,average_valid_loss,0.6801534245411555
14,24,avg_train_loss,0.676854595541954
14,24,average_valid_loss,0.6802073965469996
14,28,avg_train_loss,0.7037564218044281
14,28,average_valid_loss,0.6799276396632195
14,32,avg_train_loss,0.706189826130867
14,32,average_valid_loss,0.679654116431872
14,36,avg_train_loss,0.6853377223014832
14,36,average_valid_loss,0.6795810436209043
14,40,avg_train_loss,0.6685072481632233
14,40,average_valid_loss,0.6796275327603022
14,44,avg_train_loss,0.676889643073082
14,44,average_valid_loss,0.6796155497431755
14,48,avg_train_loss,0.6962936520576477
14,48,average_valid_loss,0.679520271718502
14,52,avg_train_loss,0.7045779824256897
14,52,average_valid_loss,0.6797073284784952
14,56,avg_train_loss,0.694042444229126
14,56,average_valid_loss,0.6798366655906042
14,60,avg_train_loss,0.6983491480350494
14,60,average_valid_loss,0.6799569999178251
14,64,avg_train_loss,0.6938097029924393
14,64,average_valid_loss,0.6800918057560921
14,68,avg_train_loss,0.7009025365114212
14,68,average_valid_loss,0.6803786357243856
14,72,avg_train_loss,0.6861125081777573
14,72,average_valid_loss,0.6802061622341474
14,76,avg_train_loss,0.6930217742919922
14,76,average_valid_loss,0.6802943299214045
14,80,avg_train_loss,0.6975376158952713
14,80,average_valid_loss,0.6804498086373011
14,84,avg_train_loss,0.6980123370885849
14,84,average_valid_loss,0.6805589000384012
14,88,avg_train_loss,0.6816189140081406
14,88,average_valid_loss,0.6803886319200197
14,92,avg_train_loss,0.6678860634565353
14,92,average_valid_loss,0.6800579379002253
14,96,avg_train_loss,0.6321587264537811
14,96,average_valid_loss,0.6798727562030157
14,96,epoch_sec,1.9826021194458008
15,0,learning_rate,0.0542653125
15,4,avg_train_loss,0.6093555688858032
15,4,average_valid_loss,0.6809144839644432
15,8,avg_train_loss,0.6429498642683029
15,8,average_valid_loss,0.6815398534138998
15,12,avg_train_loss,0.6796484738588333
15,12,average_valid_loss,0.6812101403872172
15,16,avg_train_loss,0.6887772530317307
15,16,average_valid_loss,0.6812165255347887
15,20,avg_train_loss,0.7159655094146729
15,20,average_valid_loss,0.6805043965578079
15,24,avg_train_loss,0.6767570972442627
15,24,average_valid_loss,0.6802207653721174
15,28,avg_train_loss,0.6978255659341812
15,28,average_valid_loss,0.6801018491387367
15,32,avg_train_loss,0.7034141421318054
15,32,average_valid_loss,0.6800200069944063
15,36,avg_train_loss,0.6874206811189651
15,36,average_valid_loss,0.6800153056780497
15,40,avg_train_loss,0.6646687835454941
15,40,average_valid_loss,0.6799008548259735
15,44,avg_train_loss,0.6800958514213562
15,44,average_valid_loss,0.679881751537323
15,48,avg_train_loss,0.7013178616762161
15,48,average_valid_loss,0.679745634396871
15,52,avg_train_loss,0.7034461200237274
15,52,average_valid_loss,0.6798620298504829
15,56,avg_train_loss,0.6878168731927872
15,56,average_valid_loss,0.6798935681581497
15,60,avg_train_loss,0.6992480158805847
15,60,average_valid_loss,0.6800822416941324
15,64,avg_train_loss,0.6975384503602982
15,64,average_valid_loss,0.6803711007038752
15,68,avg_train_loss,0.7017764896154404
15,68,average_valid_loss,0.6807868704199791
15,72,avg_train_loss,0.6777410507202148
15,72,average_valid_loss,0.6802596375346184
15,76,avg_train_loss,0.6849375516176224
15,76,average_valid_loss,0.6803710435827574
15,80,avg_train_loss,0.6908681690692902
15,80,average_valid_loss,0.6805849025646845
15,84,avg_train_loss,0.6922786831855774
15,84,average_valid_loss,0.6807444294293722
15,88,avg_train_loss,0.6758797615766525
15,88,average_valid_loss,0.6803391352295876
15,92,avg_train_loss,0.6544957607984543
15,92,average_valid_loss,0.6798595537741979
15,96,avg_train_loss,0.6327453553676605
15,96,average_valid_loss,0.6794025525450706
15,96,epoch_sec,1.828176498413086
16,0,learning_rate,0.05843187500000001
16,4,avg_train_loss,0.6122110188007355
16,4,average_valid_loss,0.6801022638877233
16,8,avg_train_loss,0.653046190738678
16,8,average_valid_loss,0.6807036399841309
16,12,avg_train_loss,0.6780302226543427
16,12,average_valid_loss,0.6805762524406115
16,16,avg_train_loss,0.6801123023033142
16,16,average_valid_loss,0.6804284130533537
16,20,avg_train_loss,0.711349606513977
16,20,average_valid_loss,0.6796141689022382
16,24,avg_train_loss,0.676487922668457
16,24,average_valid_loss,0.6796451310316721
16,28,avg_train_loss,0.6999845653772354
16,28,average_valid_loss,0.6794521237413088
16,32,avg_train_loss,0.6958635300397873
16,32,average_valid_loss,0.6792125950256983
16,36,avg_train_loss,0.6797635108232498
16,36,average_valid_loss,0.6791373739639918
16,40,avg_train_loss,0.6628376245498657
16,40,average_valid_loss,0.6791257237394651
16,44,avg_train_loss,0.6806813180446625
16,44,average_valid_loss,0.6792485763629278
16,48,avg_train_loss,0.6991820335388184
16,48,average_valid_loss,0.679185708363851
16,52,avg_train_loss,0.6998977214097977
16,52,average_valid_loss,0.6793536866704623
16,56,avg_train_loss,0.6878754496574402
16,56,average_valid_loss,0.6794581785798073
16,60,avg_train_loss,0.6942639648914337
16,60,average_valid_loss,0.6796510890126228
16,64,avg_train_loss,0.6974062919616699
16,64,average_valid_loss,0.6798857152462006
16,68,avg_train_loss,0.7063740640878677
16,68,average_valid_loss,0.6805645599961281
16,72,avg_train_loss,0.6783753931522369
16,72,average_valid_loss,0.6801477695504824
16,76,avg_train_loss,0.6868577748537064
16,76,average_valid_loss,0.6801321307818095
16,80,avg_train_loss,0.6846399158239365
16,80,average_valid_loss,0.6804582079251608
16,84,avg_train_loss,0.697964146733284
16,84,average_valid_loss,0.6804170310497284
16,88,avg_train_loss,0.6796208173036575
16,88,average_valid_loss,0.6799883594115576
16,92,avg_train_loss,0.6653313189744949
16,92,average_valid_loss,0.6793726732333502
16,96,avg_train_loss,0.6315824389457703
16,96,average_valid_loss,0.6789747402071953
16,96,epoch_sec,2.0957701206207275
17,0,learning_rate,0.0625984375
17,4,avg_train_loss,0.6079062968492508
17,4,average_valid_loss,0.6800582086046537
17,8,avg_train_loss,0.6415711492300034
17,8,average_valid_loss,0.6810819432139397
17,12,avg_train_loss,0.6735337674617767
17,12,average_valid_loss,0.6807956496874491
17,16,avg_train_loss,0.6868665218353271
17,16,average_valid_loss,0.6802052482962608
17,20,avg_train_loss,0.712984561920166
17,20,average_valid_loss,0.679356130460898
17,24,avg_train_loss,0.6806214451789856
17,24,average_valid_loss,0.6792652333776156
17,28,avg_train_loss,0.6999163329601288
17,28,average_valid_loss,0.6789856428901354
17,32,avg_train_loss,0.7032719403505325
17,32,average_valid_loss,0.678843542933464
17,36,avg_train_loss,0.6835218518972397
17,36,average_valid_loss,0.6789022932449976
17,40,avg_train_loss,0.6694436818361282
17,40,average_valid_loss,0.679043081899484
17,44,avg_train_loss,0.6810935586690903
17,44,average_valid_loss,0.67901478211085
17,48,avg_train_loss,0.7029223591089249
17,48,average_valid_loss,0.678975373506546
17,52,avg_train_loss,0.7048052698373795
17,52,average_valid_loss,0.6790352885921797
17,56,avg_train_loss,0.6850031167268753
17,56,average_valid_loss,0.6790479123592377
17,60,avg_train_loss,0.6882328242063522
17,60,average_valid_loss,0.6790280863642693
17,64,avg_train_loss,0.6983683258295059
17,64,average_valid_loss,0.6792929346362749
17,68,avg_train_loss,0.7109051197767258
17,68,average_valid_loss,0.679986871778965
17,72,avg_train_loss,0.680522084236145
17,72,average_valid_loss,0.6796201591690382
17,76,avg_train_loss,0.6896935552358627
17,76,average_valid_loss,0.6797382608056068
17,80,avg_train_loss,0.6906588077545166
17,80,average_valid_loss,0.6799077664812406
17,84,avg_train_loss,0.6893205791711807
17,84,average_valid_loss,0.6800686518351237
17,88,avg_train_loss,0.6790615320205688
17,88,average_valid_loss,0.6794355288147926
17,92,avg_train_loss,0.6559102237224579
17,92,average_valid_loss,0.6787186960379282
17,96,avg_train_loss,0.6119093596935272
17,96,average_valid_loss,0.6781300182143847
17,96,epoch_sec,2.136263608932495
18,0,learning_rate,0.066765
18,4,avg_train_loss,0.6099652051925659
18,4,average_valid_loss,0.6794625918070475
18,8,avg_train_loss,0.6358868330717087
18,8,average_valid_loss,0.6805379266540209
18,12,avg_train_loss,0.6731559634208679
18,12,average_valid_loss,0.6802669341365496
18,16,avg_train_loss,0.6810505837202072
18,16,average_valid_loss,0.6797371208667755
18,20,avg_train_loss,0.7186968326568604
18,20,average_valid_loss,0.6789321824908257
18,24,avg_train_loss,0.6735444813966751
18,24,average_valid_loss,0.6787313744425774
18,28,avg_train_loss,0.6990191042423248
18,28,average_valid_loss,0.6782201156020164
18,32,avg_train_loss,0.6960175186395645
18,32,average_valid_loss,0.6780870482325554
18,36,avg_train_loss,0.69327512383461
18,36,average_valid_loss,0.6783449624975523
18,40,avg_train_loss,0.6653324663639069
18,40,average_valid_loss,0.6781761199235916
18,44,avg_train_loss,0.6828928738832474
18,44,average_valid_loss,0.678261491159598
18,48,avg_train_loss,0.6990658789873123
18,48,average_valid_loss,0.6780951047937075
18,52,avg_train_loss,0.707311362028122
18,52,average_valid_loss,0.6784364382425944
18,56,avg_train_loss,0.6840938031673431
18,56,average_valid_loss,0.6784497449795405
18,60,avg_train_loss,0.6921871602535248
18,60,average_valid_loss,0.678475042184194
18,64,avg_train_loss,0.7031449973583221
18,64,average_valid_loss,0.6788909137248993
18,68,avg_train_loss,0.7088556289672852
18,68,average_valid_loss,0.6796999226013819
18,72,avg_train_loss,0.682087704539299
18,72,average_valid_loss,0.6792673766613007
18,76,avg_train_loss,0.6829655766487122
18,76,average_valid_loss,0.6792899370193481
18,80,avg_train_loss,0.6969096809625626
18,80,average_valid_loss,0.6796134412288666
18,84,avg_train_loss,0.6910994499921799
18,84,average_valid_loss,0.6798101713260015
18,88,avg_train_loss,0.6819183826446533
18,88,average_valid_loss,0.6796054691076279
18,92,avg_train_loss,0.6664997488260269
18,92,average_valid_loss,0.6789492219686508
18,96,avg_train_loss,0.6304769963026047
18,96,average_valid_loss,0.6786889731884003
18,96,epoch_sec,1.911574363708496
19,0,learning_rate,0.0709315625
19,4,avg_train_loss,0.605371281504631
19,4,average_valid_loss,0.6801544999082884
19,8,avg_train_loss,0.6337040960788727
19,8,average_valid_loss,0.6808463657895724
19,12,avg_train_loss,0.6755685657262802
19,12,average_valid_loss,0.6805340896050135
19,16,avg_train_loss,0.6869237869977951
19,16,average_valid_loss,0.680047241350015
19,20,avg_train_loss,0.7173595726490021
19,20,average_valid_loss,0.6789996301134428
19,24,avg_train_loss,0.6767090708017349
19,24,average_valid_loss,0.6789906273285548
19,28,avg_train_loss,0.696849599480629
19,28,average_valid_loss,0.6783601591984431
19,32,avg_train_loss,0.702960267663002
19,32,average_valid_loss,0.6781893422206243
19,36,avg_train_loss,0.6883764415979385
19,36,average_valid_loss,0.6782997945944468
19,40,avg_train_loss,0.6707307249307632
19,40,average_valid_loss,0.67827391376098
19,44,avg_train_loss,0.6761966496706009
19,44,average_valid_loss,0.6784636576970419
19,48,avg_train_loss,0.7017183005809784
19,48,average_valid_loss,0.6783437778552374
19,52,avg_train_loss,0.7036273330450058
19,52,average_valid_loss,0.6785032898187637
19,56,avg_train_loss,0.6895020753145218
19,56,average_valid_loss,0.6784840400020281
19,60,avg_train_loss,0.6922283619642258
19,60,average_valid_loss,0.678539847334226
19,64,avg_train_loss,0.6935451179742813
19,64,average_valid_loss,0.6788767278194427
19,68,avg_train_loss,0.7023914009332657
19,68,average_valid_loss,0.6795521428187689
19,72,avg_train_loss,0.6734445244073868
19,72,average_valid_loss,0.6791625594099363
19,76,avg_train_loss,0.6897719949483871
19,76,average_valid_loss,0.6791236822803816
19,80,avg_train_loss,0.6908643245697021
19,80,average_valid_loss,0.6792722766598066
19,84,avg_train_loss,0.6871731877326965
19,84,average_valid_loss,0.6796348268787066
19,88,avg_train_loss,0.6799503266811371
19,88,average_valid_loss,0.6789979785680771
19,92,avg_train_loss,0.6594739109277725
19,92,average_valid_loss,0.6783890922864279
19,96,avg_train_loss,0.6297661513090134
19,96,average_valid_loss,0.6779312416911125
19,96,epoch_sec,2.1054961681365967
20,0,learning_rate,0.075098125
20,4,avg_train_loss,0.6059223860502243
20,4,average_valid_loss,0.6796444530288378
20,8,avg_train_loss,0.6372515261173248
20,8,average_valid_loss,0.6807014395793279
20,12,avg_train_loss,0.6669850945472717
20,12,average_valid_loss,0.6802819669246674
20,16,avg_train_loss,0.6858780384063721
20,16,average_valid_loss,0.6795750707387924
20,20,avg_train_loss,0.7103349566459656
20,20,average_valid_loss,0.6781853462258974
20,24,avg_train_loss,0.6657393574714661
20,24,average_valid_loss,0.6777185176809629
20,28,avg_train_loss,0.7016492784023285
20,28,average_valid_loss,0.6774880538384119
20,32,avg_train_loss,0.7035181522369385
20,32,average_valid_loss,0.6771954149007797
20,36,avg_train_loss,0.6852961182594299
20,36,average_valid_loss,0.6772773091991743
20,40,avg_train_loss,0.6725448817014694
20,40,average_valid_loss,0.6774818574388822
20,44,avg_train_loss,0.674741342663765
20,44,average_valid_loss,0.6774294227361679
20,48,avg_train_loss,0.7005642354488373
20,48,average_valid_loss,0.6773541470368704
20,52,avg_train_loss,0.6977203190326691
20,52,average_valid_loss,0.6774072299400965
20,56,avg_train_loss,0.6905990391969681
20,56,average_valid_loss,0.6775735467672348
20,60,avg_train_loss,0.6883752942085266
20,60,average_valid_loss,0.6776499475042025
20,64,avg_train_loss,0.698960617184639
20,64,average_valid_loss,0.678284635146459
20,68,avg_train_loss,0.6976418644189835
20,68,average_valid_loss,0.6789438252647718
20,72,avg_train_loss,0.6774064153432846
20,72,average_valid_loss,0.6784095416466395
20,76,avg_train_loss,0.6876739114522934
20,76,average_valid_loss,0.678405818839868
20,80,avg_train_loss,0.6977989971637726
20,80,average_valid_loss,0.6787207250793775
20,84,avg_train_loss,0.6933654099702835
20,84,average_valid_loss,0.6788866048057874
20,88,avg_train_loss,0.6805163621902466
20,88,average_valid_loss,0.6783794562021891
20,92,avg_train_loss,0.6570890992879868
20,92,average_valid_loss,0.6774708405137062
20,96,avg_train_loss,0.6182379126548767
20,96,average_valid_loss,0.6770890752474467
20,96,epoch_sec,2.258077383041382
